-- ================================================================
-- TESOURO-ES: Schema + Seed para Supabase (PostgreSQL)
-- Cole tudo no SQL Editor do Supabase e clique em RUN
-- ================================================================

-- 1. ENUM
DO $$ BEGIN
  CREATE TYPE "Role" AS ENUM ('ADMIN','SUBSET','SEFAZ','SEP','CONSULTA');
EXCEPTION WHEN duplicate_object THEN NULL;
END $$;

-- 2. TABELAS
CREATE TABLE IF NOT EXISTS "User" (
  "id"           TEXT PRIMARY KEY DEFAULT gen_random_uuid()::text,
  "name"         TEXT NOT NULL,
  "email"        TEXT UNIQUE NOT NULL,
  "passwordHash" TEXT NOT NULL,
  "role"         "Role" NOT NULL DEFAULT 'CONSULTA',
  "active"       BOOLEAN NOT NULL DEFAULT true,
  "createdAt"    TIMESTAMPTZ NOT NULL DEFAULT NOW(),
  "updatedAt"    TIMESTAMPTZ NOT NULL DEFAULT NOW()
);

CREATE TABLE IF NOT EXISTS "SigefesUpload" (
  "id"            TEXT PRIMARY KEY DEFAULT gen_random_uuid()::text,
  "monthRef"      TEXT NOT NULL,
  "referenceDate" TEXT,
  "fileName"      TEXT NOT NULL,
  "isLatest"      BOOLEAN NOT NULL DEFAULT true,
  "uploadedById"  TEXT NOT NULL REFERENCES "User"("id"),
  "createdAt"     TIMESTAMPTZ NOT NULL DEFAULT NOW()
);

CREATE TABLE IF NOT EXISTS "FinancialLine" (
  "id"            TEXT PRIMARY KEY DEFAULT gen_random_uuid()::text,
  "rowOrder"      INTEGER NOT NULL,
  "rowLabel"      TEXT NOT NULL,
  "groupKey"      TEXT,
  "isGroup"       BOOLEAN NOT NULL DEFAULT false,
  "isSubtotal"    BOOLEAN NOT NULL DEFAULT false,
  "isTotal"       BOOLEAN NOT NULL DEFAULT false,
  "level"         INTEGER NOT NULL DEFAULT 0,
  "colI"          FLOAT8 NOT NULL DEFAULT 0,
  "colII"         FLOAT8 NOT NULL DEFAULT 0,
  "colIII"        FLOAT8 NOT NULL DEFAULT 0,
  "colIV"         FLOAT8 NOT NULL DEFAULT 0,
  "colV"          FLOAT8 NOT NULL DEFAULT 0,
  "colVI"         FLOAT8 NOT NULL DEFAULT 0,
  "colVII"        FLOAT8 NOT NULL DEFAULT 0,
  "colVIII"       FLOAT8 NOT NULL DEFAULT 0,
  "colIX"         FLOAT8 NOT NULL DEFAULT 0,
  "colX"          FLOAT8 NOT NULL DEFAULT 0,
  "colXI"         FLOAT8 NOT NULL DEFAULT 0,
  "colXII"        FLOAT8 NOT NULL DEFAULT 0,
  "colVIAdjusted" FLOAT8,
  "colVINote"     TEXT,
  "colIXAdjusted" FLOAT8,
  "colIXNote"     TEXT,
  "uploadId"      TEXT NOT NULL REFERENCES "SigefesUpload"("id") ON DELETE CASCADE,
  "createdAt"     TIMESTAMPTZ NOT NULL DEFAULT NOW(),
  "updatedAt"     TIMESTAMPTZ NOT NULL DEFAULT NOW()
);

CREATE TABLE IF NOT EXISTS "SubsetInput" (
  "id"          TEXT PRIMARY KEY DEFAULT gen_random_uuid()::text,
  "uploadId"    TEXT NOT NULL REFERENCES "SigefesUpload"("id"),
  "monthRef"    TEXT NOT NULL,
  "isLatest"    BOOLEAN NOT NULL DEFAULT true,
  "createdById" TEXT NOT NULL REFERENCES "User"("id"),
  "createdAt"   TIMESTAMPTZ NOT NULL DEFAULT NOW()
);

CREATE TABLE IF NOT EXISTS "SepInput" (
  "id"          TEXT PRIMARY KEY DEFAULT gen_random_uuid()::text,
  "uploadId"    TEXT NOT NULL REFERENCES "SigefesUpload"("id"),
  "monthRef"    TEXT NOT NULL,
  "isLatest"    BOOLEAN NOT NULL DEFAULT true,
  "createdById" TEXT NOT NULL REFERENCES "User"("id"),
  "createdAt"   TIMESTAMPTZ NOT NULL DEFAULT NOW()
);

CREATE TABLE IF NOT EXISTS "AuditLog" (
  "id"         TEXT PRIMARY KEY DEFAULT gen_random_uuid()::text,
  "entityType" TEXT NOT NULL,
  "entityId"   TEXT NOT NULL,
  "action"     TEXT NOT NULL,
  "fieldName"  TEXT,
  "oldValue"   TEXT,
  "newValue"   TEXT,
  "userId"     TEXT NOT NULL REFERENCES "User"("id"),
  "createdAt"  TIMESTAMPTZ NOT NULL DEFAULT NOW()
);

CREATE TABLE IF NOT EXISTS "PdfExport" (
  "id"            TEXT PRIMARY KEY DEFAULT gen_random_uuid()::text,
  "monthRef"      TEXT NOT NULL,
  "generatedById" TEXT NOT NULL REFERENCES "User"("id"),
  "createdAt"     TIMESTAMPTZ NOT NULL DEFAULT NOW()
);

-- 3. LIMPAR dados anteriores (se existirem)
TRUNCATE "AuditLog","SubsetInput","SepInput","PdfExport","FinancialLine","SigefesUpload","User" CASCADE;

-- 4. USUÁRIOS (senha: Sistema@2026)
INSERT INTO "User"("id","name","email","passwordHash","role","active") VALUES
  ('usr-admin','Administrador','admin@sefaz.es.gov.br','$2b$12$xBFvj1NOvh8lBYVle7rwE.noiuC195J4TVfuHKj7QKDrJvYQmkAC.','ADMIN',true),
  ('usr-subset','Eduardo Araújo','subset@sefaz.es.gov.br','$2b$12$xBFvj1NOvh8lBYVle7rwE.noiuC195J4TVfuHKj7QKDrJvYQmkAC.','SUBSET',true),
  ('usr-sefaz','Ana Lima','sefaz@sefaz.es.gov.br','$2b$12$xBFvj1NOvh8lBYVle7rwE.noiuC195J4TVfuHKj7QKDrJvYQmkAC.','SEFAZ',true),
  ('usr-sep','Carlos Pereira','sep@sefaz.es.gov.br','$2b$12$xBFvj1NOvh8lBYVle7rwE.noiuC195J4TVfuHKj7QKDrJvYQmkAC.','SEP',true),
  ('usr-consulta','Consulta','consulta@sefaz.es.gov.br','$2b$12$xBFvj1NOvh8lBYVle7rwE.noiuC195J4TVfuHKj7QKDrJvYQmkAC.','CONSULTA',true);

-- 5. UPLOADS
INSERT INTO "SigefesUpload"("id","monthRef","referenceDate","fileName","isLatest","uploadedById","createdAt") VALUES
  ('FEV','2026-02','28/02/2026','controle_art42_fev2026.xlsx',true,'usr-subset','2026-03-04 11:20:00+00'),
  ('MAR','2026-03','31/03/2026','controle_art42_mar2026.xlsx',true,'usr-subset','2026-04-02 17:10:00+00'),
  ('ABR','2026-04','22/04/2026','controle_art42_reestruturado_v2.xlsx',true,'usr-subset','2026-04-23 08:41:00+00');

-- 6. FINANCIAL LINES — colunas: uploadId,rowOrder,level,rowLabel,groupKey,isGroup,isSubtotal,isTotal,
--    colI,colII,colIII,colIV,colV,colVI,colVII,colVIII,colIX,colX,colXI,colXII,createdAt,updatedAt
INSERT INTO "FinancialLine"("uploadId","rowOrder","level","rowLabel","groupKey","isGroup","isSubtotal","isTotal",
  "colI","colII","colIII","colIV","colV","colVI","colVII","colVIII","colIX","colX","colXI","colXII","createdAt","updatedAt") VALUES
  ('FEV',0,0,'RECURSOS ADMINISTRADOS PELO TESOURO (I)','TESOURO',true,false,false,1667033969.39,274119491.78,0,4126051870.27,-2733137392.66,0,0,1397773070.48,0,0,373783662.78,82524637.19,NOW(),NOW()),
  ('FEV',1,1,'Recursos Não Vinculados de Impostos','TESOURO',false,false,false,859908859.28,189145008.37,0,3637801805.82,-2967037954.91,0,0,752441545.44,0,0,246711454.11,78045222.19,NOW(),NOW()),
  ('FEV',2,1,'Outros Recursos Não Vinculados - Administração Direta','TESOURO',false,false,false,343876170.98,14715362.98,0,279521782.61,49639025.39,0,0,246815809.9,0,0,81802312.83,0,NOW(),NOW()),
  ('FEV',3,1,'Outros Recursos Não Vinculados - Precatórios - Ação Civil Originária 2178','TESOURO',false,false,false,157233963.83,30098442.1,0,10070174.1,117065347.63,0,0,0,0,0,0,0,NOW(),NOW()),
  ('FEV',4,1,'Recursos Não Vinculados da Compesação de Impostos','TESOURO',false,false,false,64032268.83,4928234.79,0,7728893.23,51375140.81,0,0,1453170.42,0,0,0,0,NOW(),NOW()),
  ('FEV',5,1,'Royalties do Petróleo - Destinação Não Vinculada','TESOURO',false,false,false,206549174.78,34617193.65,0,190929214.52,-18997233.39,0,0,395455630.26,0,0,45269895.84,4479415,NOW(),NOW()),
  ('FEV',6,1,'Recursos de Operações de Crédito - Reembolso de Despesas Executadas com Recurso do Tesouro','TESOURO',false,false,false,34717751.24,340249.89,0,0,34377501.35,0,0,1606914.46,0,0,0,0,NOW(),NOW()),
  ('FEV',7,0,'DEMAIS RECURSOS - PODER EXECUTIVO (II)','DEMAIS',true,false,false,5800689001.65,509407038.93,0,2338027109.86,2953254852.86,0,0,3666800880.71,0,0,49065895.62,21430439.83,NOW(),NOW()),
  ('FEV',8,1,'FEFIN','DEMAIS',false,false,false,89013532.87,16646577.4,0,31258296.75,41108658.72,0,0,41150647.03,0,0,0,0,NOW(),NOW()),
  ('FEV',9,1,'FUNSES','DEMAIS',false,false,false,1523861933.37,91645.98,0,13609785.03,1510160502.36,0,0,142260340.7,0,0,48961945.62,0,NOW(),NOW()),
  ('FEV',10,1,'ROYALTIES DO PETRÓLEO - DESTINAÇÃO VINCULADA','DEMAIS',false,false,false,113204428.54,1764490.72,0,4630844.39,106809093.43,0,0,29081180.36,0,0,0,0,NOW(),NOW()),
  ('FEV',11,1,'OUTROS RECURSOS NÃO VINCULADOS - ADMINISTRAÇÃO INDIRETA','DEMAIS',false,false,false,187154202.5,9144416.66,0,115032389.94,62977395.9,0,0,107160352.12,0,0,0,0,NOW(),NOW()),
  ('FEV',12,1,'RECURSOS VINCULADOS A FUNDOS','DEMAIS',false,false,false,274810578.6,10822887.99,0,69480218.47,194507472.14,0,0,63030783.45,0,0,103950,0,NOW(),NOW()),
  ('FEV',13,1,'RECURSOS VINCULADOS À EDUCAÇÃO','DEMAIS',false,false,false,498577513.51,83171357.8,0,849583432.29,-434177276.58,0,0,1044463684.46,0,0,0,14979917.08,NOW(),NOW()),
  ('FEV',14,1,'RECURSOS VINCULADOS À SAUDE','DEMAIS',false,false,false,321003659.4,61297785.42,0,1001561748.7,-741855874.72,0,0,805453766.39,0,0,0,658148.79,NOW(),NOW()),
  ('FEV',15,1,'RECURSOS DE OPERAÇÕES DE CRÉDITO','DEMAIS',false,false,false,229246418.89,19922309.94,0,178391543.15,30932565.8,0,0,434897423.16,0,0,0,0,NOW(),NOW()),
  ('FEV',16,1,'RECURSOS VINCULADOS À ASSISTÊNCIA SOCIAL','DEMAIS',false,false,false,4809136.73,89980.15,0,95251,4623905.58,0,0,1641604.96,0,0,0,0,NOW(),NOW()),
  ('FEV',17,1,'DEMAIS VINCULAÇÕES DECORRENTES DE TRANSFERÊNCIAS','DEMAIS',false,false,false,341560481.8,19698856.94,0,14102748.08,307758876.78,0,0,196951653.41,0,0,0,0,NOW(),NOW()),
  ('FEV',18,1,'RECURSOS DA CONTRIBUIÇÃO DE INTERVENÇÃO NO DOMÍNIO ECONÔMICO - CIDE','DEMAIS',false,false,false,23008654.72,66799.3,0,0,22941855.42,0,0,0,0,0,0,0,NOW(),NOW()),
  ('FEV',19,1,'RECURSOS VINCULADOS AO TRÂNSITO - MULTAS','DEMAIS',false,false,false,113855444.28,2124002.06,0,20905331.44,90826110.78,0,0,35471871.62,0,0,0,0,NOW(),NOW()),
  ('FEV',20,1,'RECURSOS PROVENIENTES DE TAXAS DE CONTROLE E FISCALIZAÇÃO AMBIENTAL DO ES','DEMAIS',false,false,false,30642851.75,2344034.41,0,3155426.73,25143390.61,0,0,6432742.07,0,0,0,0,NOW(),NOW()),
  ('FEV',21,1,'RECURSOS DE ALIENAÇÃO DE BENS','DEMAIS',false,false,false,33809270.03,2063344.65,0,0,31745925.38,0,0,9974553.47,0,0,0,0,NOW(),NOW()),
  ('FEV',22,1,'RECURSOS VINCULADOS AO FUNDO DE COMBATE E ERRADICAÇÃO DA POBREZA','DEMAIS',false,false,false,129992338.84,8112793.23,0,6463661.11,115415884.5,0,0,27893280.97,0,0,0,5792373.96,NOW(),NOW()),
  ('FEV',23,1,'DEMAIS RECURSOS VINCULADOS - ROMPIMENTO DA BARRAGEM DE FUNDÃO/MARIANA','DEMAIS',false,false,false,1508256167.69,24675199.83,0,29756432.82,1453824535.04,0,0,714419752.88,0,0,0,0,NOW(),NOW()),
  ('FEV',24,1,'DEMAIS RECURSOS VINCULADOS','DEMAIS',false,false,false,62365892.04,2956369.34,0,0,59409522.7,0,0,6517243.66,0,0,0,0,NOW(),NOW()),
  ('FEV',25,1,'RECURSOS EXTRAORÇAMENTÁRIOS','DEMAIS',false,false,false,315516496.1,244414187.12,0,0,71102308.98,0,0,0,0,0,0,0,NOW(),NOW()),
  ('FEV',26,0,'SUBTOTAL (III=I+II)','SUBTOTAL',false,true,false,7467722971.03,783526530.71,0,6464078980.13,220117460.19,0,0,5064573951.19,0,0,422849558.4,103955077.02,NOW(),NOW()),
  ('FEV',27,0,'RECURSOS VINCULADOS À PREVIDÊNCIA SOCIAL (IV)','PREVIDENCIA',true,false,false,7324129692.06,21477916.47,0,349651472.38,6953000303.21,0,0,56697456.87,0,0,512805661.2,0,NOW(),NOW()),
  ('FEV',28,0,'TOTAL (V=III+IV)','TOTAL',false,false,true,14791852663.09,805004447.18,0,6813730452.51,7173117763.4,0,0,5121271408.06,0,0,935655219.6,103955077.02,NOW(),NOW()),
  ('MAR',0,0,'RECURSOS ADMINISTRADOS PELO TESOURO (I)','TESOURO',true,false,false,2019224244.61,363831325.45,0,5776472618.37,-4121079699.21,0,0,1810230697.83,0,0,480578995,103155796.49,NOW(),NOW()),
  ('MAR',1,1,'Recursos Não Vinculados de Impostos','TESOURO',false,false,false,1041579745.04,251047011.11,0,5092922528.14,-4302389794.21,0,0,974473476.88,0,0,317200441,97556527.74,NOW(),NOW()),
  ('MAR',2,1,'Outros Recursos Não Vinculados - Administração Direta','TESOURO',false,false,false,416526066.25,19531299.95,0,391330495.65,5664270.65,0,0,319646704.62,0,0,105174402.21,0,NOW(),NOW()),
  ('MAR',3,1,'Outros Recursos Não Vinculados - Precatórios - Ação Civil Originária 2178','TESOURO',false,false,false,190452406.89,39948841.34,0,14098243.74,136405321.81,0,0,0,0,0,0,0,NOW(),NOW()),
  ('MAR',4,1,'Recursos Não Vinculados da Compesação de Impostos','TESOURO',false,false,false,77560212.95,6541111.63,0,10820450.51,60198650.81,0,0,1881974.81,0,0,0,0,NOW(),NOW()),
  ('MAR',5,1,'Royalties do Petróleo - Destinação Não Vinculada','TESOURO',false,false,false,250186324.38,45946457.03,0,267300900.32,-63061032.97,0,0,512147455.58,0,0,58204151.79,5599268.75,NOW(),NOW()),
  ('MAR',6,1,'Recursos de Operações de Crédito - Reembolso de Despesas Executadas com Recurso do Tesouro','TESOURO',false,false,false,42052487.41,451604.4,0,0,41600883.01,0,0,2081085.94,0,0,0,0,NOW(),NOW()),
  ('MAR',7,0,'DEMAIS RECURSOS - PODER EXECUTIVO (II)','DEMAIS',true,false,false,7026186678.05,676122069.86,0,3273237953.81,3076826654.38,0,0,4748807697.97,0,0,63084722.94,26788049.79,NOW(),NOW()),
  ('MAR',8,1,'FEFIN','DEMAIS',false,false,false,107819208.82,22094548.18,0,43761615.44,41963045.2,0,0,53293460.91,0,0,0,0,NOW(),NOW()),
  ('MAR',9,1,'FUNSES','DEMAIS',false,false,false,1845804595.35,121639.21,0,19053699.04,1826629257.1,0,0,184238801.89,0,0,62951072.94,0,NOW(),NOW()),
  ('MAR',10,1,'ROYALTIES DO PETRÓLEO - DESTINAÇÃO VINCULADA','DEMAIS',false,false,false,137120857.11,2341960.41,0,6483182.14,128295714.56,0,0,37662512.27,0,0,0,0,NOW(),NOW()),
  ('MAR',11,1,'OUTROS RECURSOS NÃO VINCULADOS - ADMINISTRAÇÃO INDIRETA','DEMAIS',false,false,false,226693822.75,12137134.84,0,161045345.92,53511341.99,0,0,138781439.63,0,0,0,0,NOW(),NOW()),
  ('MAR',12,1,'RECURSOS VINCULADOS A FUNDOS','DEMAIS',false,false,false,332869151.55,14364924.06,0,97272305.86,221231921.63,0,0,81630031.03,0,0,133650,0,NOW(),NOW()),
  ('MAR',13,1,'RECURSOS VINCULADOS À EDUCAÇÃO','DEMAIS',false,false,false,603910791.02,110391074.9,0,1189416805.21,-695897089.09,0,0,1352666083.15,0,0,0,18724896.35,NOW(),NOW()),
  ('MAR',14,1,'RECURSOS VINCULADOS À SAUDE','DEMAIS',false,false,false,388821333.92,81358878.83,0,1402186448.17,-1094723993.08,0,0,1043128648.27,0,0,0,822685.99,NOW(),NOW()),
  ('MAR',15,1,'RECURSOS DE OPERAÇÕES DE CRÉDITO','DEMAIS',false,false,false,277678760.91,26442338.65,0,249748160.4,1488261.86,0,0,563227810.32,0,0,0,0,NOW(),NOW()),
  ('MAR',16,1,'RECURSOS VINCULADOS À ASSISTÊNCIA SOCIAL','DEMAIS',false,false,false,5825151.53,119428.2,0,133351.39,5572371.94,0,0,2126012.98,0,0,0,0,NOW(),NOW()),
  ('MAR',17,1,'DEMAIS VINCULAÇÕES DECORRENTES DE TRANSFERÊNCIAS','DEMAIS',false,false,false,413721146.96,26145755.57,0,19743847.31,367831544.08,0,0,255068534.75,0,0,0,0,NOW(),NOW()),
  ('MAR',18,1,'RECURSOS DA CONTRIBUIÇÃO DE INTERVENÇÃO NO DOMÍNIO ECONÔMICO - CIDE','DEMAIS',false,false,false,27869638.11,88660.89,0,0,27780977.22,0,0,0,0,0,0,0,NOW(),NOW()),
  ('MAR',19,1,'RECURSOS VINCULADOS AO TRÂNSITO - MULTAS','DEMAIS',false,false,false,137909411.38,2819130,0,29267464.02,105822817.36,0,0,45938981.28,0,0,0,0,NOW(),NOW()),
  ('MAR',20,1,'RECURSOS PROVENIENTES DE TAXAS DE CONTROLE E FISCALIZAÇÃO AMBIENTAL DO ES','DEMAIS',false,false,false,37116693.66,3111172.95,0,4417597.42,29587923.29,0,0,8330928.26,0,0,0,0,NOW(),NOW()),
  ('MAR',21,1,'RECURSOS DE ALIENAÇÃO DE BENS','DEMAIS',false,false,false,40952073.55,2738621.08,0,0,38213452.47,0,0,12917864.33,0,0,0,0,NOW(),NOW()),
  ('MAR',22,1,'RECURSOS VINCULADOS AO FUNDO DE COMBATE E ERRADICAÇÃO DA POBREZA','DEMAIS',false,false,false,157455509.01,10767889.2,0,9049125.55,137638494.26,0,0,36124085.19,0,0,0,7240467.45,NOW(),NOW()),
  ('MAR',23,1,'DEMAIS RECURSOS VINCULADOS - ROMPIMENTO DA BARRAGEM DE FUNDÃO/MARIANA','DEMAIS',false,false,false,1826901836.92,32750719.77,0,41659005.95,1752492111.2,0,0,925232138.97,0,0,0,0,NOW(),NOW()),
  ('MAR',24,1,'DEMAIS RECURSOS VINCULADOS','DEMAIS',false,false,false,75541784.72,3923908.4,0,0,71617876.32,0,0,8440364.74,0,0,0,0,NOW(),NOW()),
  ('MAR',25,1,'RECURSOS EXTRAORÇAMENTÁRIOS','DEMAIS',false,false,false,382174910.76,324404284.72,0,0,57770626.04,0,0,0,0,0,0,0,NOW(),NOW()),
  ('MAR',26,0,'SUBTOTAL (III=I+II)','SUBTOTAL',false,true,false,9045410922.66,1039953395.31,0,9049710572.18,-1044253044.83,0,0,6559038395.8,0,0,543663717.94,129943846.28,NOW(),NOW()),
  ('MAR',27,0,'RECURSOS VINCULADOS À PREVIDÊNCIA SOCIAL (IV)','PREVIDENCIA',true,false,false,8871481035.45,28507052.76,0,489512061.33,8353461921.36,0,0,73427853.98,0,0,659321564.4,0,NOW(),NOW()),
  ('MAR',28,0,'TOTAL (V=III+IV)','TOTAL',false,false,true,17916891958.11,1068460448.07,0,9539222633.51,7309208876.53,0,0,6632466249.78,0,0,1202985282.34,129943846.28,NOW(),NOW()),
  ('ABR',0,0,'RECURSOS ADMINISTRADOS PELO TESOURO (I)','TESOURO',true,false,false,2347935168.15,498399075.96,0,8252103740.53,-6402567648.34,0,0,2291431263.08,0,0,593307401.24,121359760.58,NOW(),NOW()),
  ('ABR',1,1,'Recursos Não Vinculados de Impostos','TESOURO',false,false,false,1211139238.42,343900015.22,0,7275603611.63,-6408364388.43,0,0,1233510730.23,0,0,391605482.72,114772385.58,NOW(),NOW()),
  ('ABR',2,1,'Outros Recursos Não Vinculados - Administração Direta','TESOURO',false,false,false,484332635.18,26755205.41,0,559043565.22,-101466135.45,0,0,404616081.8,0,0,129844941,0,NOW(),NOW()),
  ('ABR',3,1,'Outros Recursos Não Vinculados - Precatórios - Ação Civil Originária 2178','TESOURO',false,false,false,221456287.08,54724440.19,0,20140348.2,146591498.69,0,0,0,0,0,0,0,NOW(),NOW()),
  ('ABR',4,1,'Recursos Não Vinculados da Compesação de Impostos','TESOURO',false,false,false,90186294.13,8960426.89,0,15457786.45,65768080.79,0,0,2382246.59,0,0,0,0,NOW(),NOW()),
  ('ABR',5,1,'Royalties do Petróleo - Destinação Não Vinculada','TESOURO',false,false,false,290914330.67,62940352.09,0,381858429.03,-153884450.45,0,0,648287918.46,0,0,71856977.52,6587375,NOW(),NOW()),
  ('ABR',6,1,'Recursos de Operações de Crédito - Reembolso de Despesas Executadas com Recurso do Tesouro','TESOURO',false,false,false,48898241.18,618636.16,0,0,48279605.02,0,0,2634286,0,0,0,0,NOW(),NOW()),
  ('ABR',7,0,'DEMAIS RECURSOS - PODER EXECUTIVO (II)','DEMAIS',true,false,false,8169984509.36,926194616.24,0,4676054219.73,2567735673.39,0,0,6011148984.77,0,0,77882374,31515352.69,NOW(),NOW()),
  ('ABR',8,1,'FEFIN','DEMAIS',false,false,false,125371173.05,30266504.36,0,62516593.49,32588075.2,0,0,67460077.1,0,0,0,0,NOW(),NOW()),
  ('ABR',9,1,'FUNSES','DEMAIS',false,false,false,2146284413.2,166629.05,0,27219570.05,2118898214.1,0,0,233213673.28,0,0,77717374,0,NOW(),NOW()),
  ('ABR',10,1,'ROYALTIES DO PETRÓLEO - DESTINAÇÃO VINCULADA','DEMAIS',false,false,false,159442857.1,3208164.95,0,9261688.77,146973003.38,0,0,47674066.16,0,0,0,0,NOW(),NOW()),
  ('ABR',11,1,'OUTROS RECURSOS NÃO VINCULADOS - ADMINISTRAÇÃO INDIRETA','DEMAIS',false,false,false,263597468.31,16626212.11,0,230064779.88,16906476.32,0,0,175672708.39,0,0,0,0,NOW(),NOW()),
  ('ABR',12,1,'RECURSOS VINCULADOS A FUNDOS','DEMAIS',false,false,false,387057152.96,19677978.16,0,138960436.94,228418737.86,0,0,103329153.2,0,0,165000,0,NOW(),NOW()),
  ('ABR',13,1,'RECURSOS VINCULADOS À EDUCAÇÃO','DEMAIS',false,false,false,702221850.02,151220650.55,0,1699166864.58,-1148165665.11,0,0,1712235548.29,0,0,0,22029289.82,NOW(),NOW()),
  ('ABR',14,1,'RECURSOS VINCULADOS À SAUDE','DEMAIS',false,false,false,452117830.14,111450518.94,0,2003123497.39,-1662456186.19,0,0,1320416010.47,0,0,0,967865.87,NOW(),NOW()),
  ('ABR',15,1,'RECURSOS DE OPERAÇÕES DE CRÉDITO','DEMAIS',false,false,false,322882280.13,36222381.71,0,356783086.29,-70123187.87,0,0,712946595.34,0,0,0,0,NOW(),NOW()),
  ('ABR',16,1,'RECURSOS VINCULADOS À ASSISTÊNCIA SOCIAL','DEMAIS',false,false,false,6773432.01,163600.27,0,190501.99,6419329.75,0,0,2691155.67,0,0,0,0,NOW(),NOW()),
  ('ABR',17,1,'DEMAIS VINCULAÇÕES DECORRENTES DE TRANSFERÊNCIAS','DEMAIS',false,false,false,481071101.12,35816103.52,0,28205496.16,417049501.44,0,0,322871562.97,0,0,0,0,NOW(),NOW()),
  ('ABR',18,1,'RECURSOS DA CONTRIBUIÇÃO DE INTERVENÇÃO NO DOMÍNIO ECONÔMICO - CIDE','DEMAIS',false,false,false,32406555.94,121453.28,0,0,32285102.66,0,0,0,0,0,0,0,NOW(),NOW()),
  ('ABR',19,1,'RECURSOS VINCULADOS AO TRÂNSITO - MULTAS','DEMAIS',false,false,false,160359780.68,3861821.92,0,41810662.88,114687295.88,0,0,58150609.22,0,0,0,0,NOW(),NOW()),
  ('ABR',20,1,'RECURSOS PROVENIENTES DE TAXAS DE CONTROLE E FISCALIZAÇÃO AMBIENTAL DO ES','DEMAIS',false,false,false,43158946.12,4261880.75,0,6310853.45,32586211.92,0,0,10545478.81,0,0,0,0,NOW(),NOW()),
  ('ABR',21,1,'RECURSOS DE ALIENAÇÃO DE BENS','DEMAIS',false,false,false,47618690.18,3751535.73,0,0,43867154.45,0,0,16351727,0,0,0,0,NOW(),NOW()),
  ('ABR',22,1,'RECURSOS VINCULADOS AO FUNDO DE COMBATE E ERRADICAÇÃO DA POBREZA','DEMAIS',false,false,false,183087801.18,14750533.15,0,12927322.22,155409945.81,0,0,45726690.12,0,0,0,8518197,NOW(),NOW()),
  ('ABR',23,1,'DEMAIS RECURSOS VINCULADOS - ROMPIMENTO DA BARRAGEM DE FUNDÃO/MARIANA','DEMAIS',false,false,false,2124304461.54,44863999.69,0,59512865.64,2019927596.21,0,0,1171179922.75,0,0,0,0,NOW(),NOW()),
  ('ABR',24,1,'DEMAIS RECURSOS VINCULADOS','DEMAIS',false,false,false,87839284.56,5375216.98,0,0,82464067.58,0,0,10684006,0,0,0,0,NOW(),NOW()),
  ('ABR',25,1,'RECURSOS EXTRAORÇAMENTÁRIOS','DEMAIS',false,false,false,444389431.12,444389431.12,0,0,0,0,0,0,0,0,0,0,NOW(),NOW()),
  ('ABR',26,0,'SUBTOTAL (III=I+II)','SUBTOTAL',false,true,false,10517919677.51,1424593692.2,0,12928157960.26,-3834831974.95,0,0,8302580247.85,0,0,671189775.24,152875113.27,NOW(),NOW()),
  ('ABR',27,0,'RECURSOS VINCULADOS À PREVIDÊNCIA SOCIAL (IV)','PREVIDENCIA',true,false,false,10315675622.62,39050757.21,0,699302944.75,9577321920.66,0,0,92946650.61,0,0,813977240,0,NOW(),NOW()),
  ('ABR',28,0,'TOTAL (V=III+IV)','TOTAL',false,false,true,20833595300.13,1463644449.41,0,13627460905.01,5742489945.71,0,0,8395526898.46,0,0,1485167015.24,152875113.27,NOW(),NOW());

-- ================================================================
-- OPCIONAL: pré-preencher VI e IX com 0 para mostrar farois coloridos
-- (equivale a confirmar manualmente "sem arrecadação adicional prevista"
--  e "sem pressões SEP identificadas")
-- Execute este bloco separadamente após o seed acima.
-- ================================================================
UPDATE "FinancialLine"
SET "colVIAdjusted" = 0, "colIXAdjusted" = 0
WHERE "colVIAdjusted" IS NULL OR "colIXAdjusted" IS NULL;
